{"cameraMode":{"drawMode":0,"name":"Shaded","section":"Shading Mode"},"sceneLighting":false,"audioPlay":false,"sceneViewState":{"showFog":true,"showMaterialUpdate":false,"showSkybox":true,"showFlares":true,"showImageEffects":true,"showParticleSystems":true},"in2DMode":false,"pivot":{"x":41.91375732421875,"y":-48.696441650390628,"z":-50.865333557128909},"rotation":{"x":-0.1072024554014206,"y":-0.892218291759491,"z":0.29282867908477785,"w":-0.32665830850601199},"size":90.56224822998047,"orthographic":false}