{"cameraMode":{"drawMode":0,"name":"Shaded","section":"Shading Mode"},"sceneLighting":false,"audioPlay":false,"sceneViewState":{"showFog":true,"showMaterialUpdate":false,"showSkybox":true,"showFlares":true,"showImageEffects":true,"showParticleSystems":true},"in2DMode":false,"pivot":{"x":22.33514976501465,"y":1.5760676860809327,"z":0.7149524688720703},"rotation":{"x":-0.4180859625339508,"y":0.019317803904414178,"z":-0.008892829529941082,"w":-0.9081584811210632},"size":5.115665912628174,"orthographic":false}