{"cameraMode":{"drawMode":0,"name":"Shaded","section":"Shading Mode"},"sceneLighting":false,"audioPlay":false,"sceneViewState":{"showFog":true,"showMaterialUpdate":false,"showSkybox":true,"showFlares":true,"showImageEffects":true,"showParticleSystems":true},"in2DMode":false,"pivot":{"x":-0.1252463459968567,"y":0.2883281707763672,"z":-0.006763140670955181},"rotation":{"x":-0.20144054293632508,"y":-0.6193048357963562,"z":0.16860802471637727,"w":-0.7399017214775086},"size":5.262063980102539,"orthographic":false}