{"cameraMode":{"drawMode":0,"name":"Shaded","section":"Shading Mode"},"sceneLighting":true,"audioPlay":false,"sceneViewState":{"showFog":true,"showMaterialUpdate":false,"showSkybox":true,"showFlares":true,"showImageEffects":true,"showParticleSystems":true},"in2DMode":false,"pivot":{"x":0.7429999709129334,"y":0.6320000290870667,"z":-0.0964699387550354},"rotation":{"x":-0.24618151783943177,"y":-0.6749221086502075,"z":0.2570575475692749,"w":-0.6463716626167297},"size":4.001037120819092,"orthographic":false}